Molecule ChEMBL ID,Molecule Name,Molecule Max Phase,Molecular Weight,#RO5 Violations,AlogP,Compound Key,Smiles,Standard Type,Standard Relation,Standard Value,Standard Units,pChEMBL Value,Data Validity Comment,Comment,Uo Units,Ligand Efficiency BEI,Ligand Efficiency LE,Ligand Efficiency LLE,Ligand Efficiency SEI,Potential Duplicate,Assay ChEMBL ID,Assay Description,Assay Type,BAO Format ID,BAO Label,Assay Organism,Assay Tissue ChEMBL ID,Assay Tissue Name,Assay Cell Type,Assay Subcellular Fraction,Assay Parameters,Assay Variant Accession,Assay Variant Mutation,Target ChEMBL ID,Target Name,Target Organism,Target Type,Document ChEMBL ID,Source ID,Source Description,Document Journal,Document Year,Cell ChEMBL ID,Properties
CHEMBL176058,,None,411.48,0,3.31,2,CC(C)CCn1c(=O)c(C2=NS(=O)(=O)c3ccccc3N2)c(O)c2ccccc21,IC50,'=',32,nM,7.5,,,UO_0000065,18.21,0.35,4.18,7.44,0,CHEMBL867029,Inhibitory activity against HCV delta 21 NS5B RNA polymerase by SPA assay,B,BAO_0000357,single protein format,Hepatitis C virus subtype 1b,None,None,None,None,,,,CHEMBL5375,Hepatitis C virus NS5B RNA-dependent RNA polymerase,Hepatitis C virus,SINGLE PROTEIN,CHEMBL1148625,1,Scientific Literature,J Med Chem,2006,None,
CHEMBL202587,,None,455.49,0,3.01,108,CC(C)CCn1c(=O)c(C2=NS(=O)(=O)c3ccccc3N2)c(O)c2ccc(C(=O)O)cc21,IC50,'>',10000,nM,,,,UO_0000065,,,,,0,CHEMBL867029,Inhibitory activity against HCV delta 21 NS5B RNA polymerase by SPA assay,B,BAO_0000357,single protein format,Hepatitis C virus subtype 1b,None,None,None,None,,,,CHEMBL5375,Hepatitis C virus NS5B RNA-dependent RNA polymerase,Hepatitis C virus,SINGLE PROTEIN,CHEMBL1148625,1,Scientific Literature,J Med Chem,2006,None,
CHEMBL383449,,None,483.55,0,3.49,88,CCOC(=O)c1ccc2c(c1)c(O)c(C1=NS(=O)(=O)c3ccccc3N1)c(=O)n2CCC(C)C,IC50,'>',10000,nM,,,,UO_0000065,,,,,0,CHEMBL867029,Inhibitory activity against HCV delta 21 NS5B RNA polymerase by SPA assay,B,BAO_0000357,single protein format,Hepatitis C virus subtype 1b,None,None,None,None,,,,CHEMBL5375,Hepatitis C virus NS5B RNA-dependent RNA polymerase,Hepatitis C virus,SINGLE PROTEIN,CHEMBL1148625,1,Scientific Literature,J Med Chem,2006,None,
CHEMBL201341,,None,395.44,0,2.84,19,C/C=C/Cn1c(=O)c(C2=NS(=O)(=O)c3ccccc3N2)c(O)c2ccccc21,IC50,'=',150,nM,6.82,,,UO_0000065,17.26,0.33,3.98,6.77,0,CHEMBL867029,Inhibitory activity against HCV delta 21 NS5B RNA polymerase by SPA assay,B,BAO_0000357,single protein format,Hepatitis C virus subtype 1b,None,None,None,None,,,,CHEMBL5375,Hepatitis C virus NS5B RNA-dependent RNA polymerase,Hepatitis C virus,SINGLE PROTEIN,CHEMBL1148625,1,Scientific Literature,J Med Chem,2006,None,
CHEMBL202164,,None,451.43,0,3.61,30,O=c1c(C2=NS(=O)(=O)c3ccccc3N2)c(O)c2ccccc2n1CCCC(F)(F)F,IC50,'=',106,nM,6.97,,,UO_0000065,15.45,0.31,3.36,6.92,0,CHEMBL867029,Inhibitory activity against HCV delta 21 NS5B RNA polymerase by SPA assay,B,BAO_0000357,single protein format,Hepatitis C virus subtype 1b,None,None,None,None,,,,CHEMBL5375,Hepatitis C virus NS5B RNA-dependent RNA polymerase,Hepatitis C virus,SINGLE PROTEIN,CHEMBL1148625,1,Scientific Literature,J Med Chem,2006,None,
CHEMBL382628,,None,397.46,0,2.92,14,CC(C)Cn1c(=O)c(C2=NS(=O)(=O)c3ccccc3N2)c(O)c2ccccc21,IC50,'=',108,nM,6.97,,,UO_0000065,17.53,0.34,4.05,6.91,0,CHEMBL867029,Inhibitory activity against HCV delta 21 NS5B RNA polymerase by SPA assay,B,BAO_0000357,single protein format,Hepatitis C virus subtype 1b,None,None,None,None,,,,CHEMBL5375,Hepatitis C virus NS5B RNA-dependent RNA polymerase,Hepatitis C virus,SINGLE PROTEIN,CHEMBL1148625,1,Scientific Literature,J Med Chem,2006,None,
CHEMBL201435,,None,445.5,0,3.51,56,O=c1c(C2=NS(=O)(=O)c3ccccc3N2)c(O)c2ccccc2n1CCc1ccccc1,IC50,'>',10000,nM,,,,UO_0000065,,,,,0,CHEMBL867029,Inhibitory activity against HCV delta 21 NS5B RNA polymerase by SPA assay,B,BAO_0000357,single protein format,Hepatitis C virus subtype 1b,None,None,None,None,,,,CHEMBL5375,Hepatitis C virus NS5B RNA-dependent RNA polymerase,Hepatitis C virus,SINGLE PROTEIN,CHEMBL1148625,1,Scientific Literature,J Med Chem,2006,None,
CHEMBL202606,,None,413.41,0,2.27,48,CCOC(=O)n1c(=O)c(C2=NS(=O)(=O)c3ccccc3N2)c(O)c2ccccc21,IC50,'=',2036,nM,5.69,,,UO_0000065,13.77,0.27,3.42,4.48,0,CHEMBL867029,Inhibitory activity against HCV delta 21 NS5B RNA polymerase by SPA assay,B,BAO_0000357,single protein format,Hepatitis C virus subtype 1b,None,None,None,None,,,,CHEMBL5375,Hepatitis C virus NS5B RNA-dependent RNA polymerase,Hepatitis C virus,SINGLE PROTEIN,CHEMBL1148625,1,Scientific Literature,J Med Chem,2006,None,
CHEMBL425221,,None,484.53,0,2.81,95,CC(C)CCn1c(=O)c(C2=NS(=O)(=O)c3ccccc3N2)c(O)c2cc(NCC(=O)O)ccc21,IC50,'=',21,nM,7.68,,,UO_0000065,15.85,0.31,4.87,5.12,0,CHEMBL867029,Inhibitory activity against HCV delta 21 NS5B RNA polymerase by SPA assay,B,BAO_0000357,single protein format,Hepatitis C virus subtype 1b,None,None,None,None,,,,CHEMBL5375,Hepatitis C virus NS5B RNA-dependent RNA polymerase,Hepatitis C virus,SINGLE PROTEIN,CHEMBL1148625,1,Scientific Literature,J Med Chem,2006,None,
CHEMBL201634,,None,438.51,0,2.36,46,O=c1c(C2=NS(=O)(=O)c3ccccc3N2)c(O)c2ccccc2n1CCN1CCCC1,IC50,'>',10000,nM,,,,UO_0000065,,,,,0,CHEMBL867029,Inhibitory activity against HCV delta 21 NS5B RNA polymerase by SPA assay,B,BAO_0000357,single protein format,Hepatitis C virus subtype 1b,None,None,None,None,,,,CHEMBL5375,Hepatitis C virus NS5B RNA-dependent RNA polymerase,Hepatitis C virus,SINGLE PROTEIN,CHEMBL1148625,1,Scientific Literature,J Med Chem,2006,None,
CHEMBL201457,,None,451.53,0,3.57,69,O=c1c(C2=NS(=O)(=O)c3ccccc3N2)c(O)c2ccccc2n1CCc1cccs1,IC50,'>',10000,nM,,,,UO_0000065,,,,,0,CHEMBL867029,Inhibitory activity against HCV delta 21 NS5B RNA polymerase by SPA assay,B,BAO_0000357,single protein format,Hepatitis C virus subtype 1b,None,None,None,None,,,,CHEMBL5375,Hepatitis C virus NS5B RNA-dependent RNA polymerase,Hepatitis C virus,SINGLE PROTEIN,CHEMBL1148625,1,Scientific Literature,J Med Chem,2006,None,
CHEMBL200985,,None,432.46,0,2.71,65,O=c1c(C2=NS(=O)(=O)c3ccccc3N2)c(O)c2ccccc2n1Cc1ccccn1,IC50,'=',2694,nM,5.57,,,UO_0000065,12.88,0.25,2.86,4.9,0,CHEMBL867029,Inhibitory activity against HCV delta 21 NS5B RNA polymerase by SPA assay,B,BAO_0000357,single protein format,Hepatitis C virus subtype 1b,None,None,None,None,,,,CHEMBL5375,Hepatitis C virus NS5B RNA-dependent RNA polymerase,Hepatitis C virus,SINGLE PROTEIN,CHEMBL1148625,1,Scientific Literature,J Med Chem,2006,None,
CHEMBL201601,,None,537.38,1,3.92,82,CC(C)CCn1c(=O)c(C2=NS(=O)(=O)c3ccccc3N2)c(O)c2cc(I)ccc21,IC50,'>',10000,nM,,,,UO_0000065,,,,,0,CHEMBL867029,Inhibitory activity against HCV delta 21 NS5B RNA polymerase by SPA assay,B,BAO_0000357,single protein format,Hepatitis C virus subtype 1b,None,None,None,None,,,,CHEMBL5375,Hepatitis C virus NS5B RNA-dependent RNA polymerase,Hepatitis C virus,SINGLE PROTEIN,CHEMBL1148625,1,Scientific Literature,J Med Chem,2006,None,
CHEMBL202317,,None,429.47,0,3.45,79,CC(C)CCn1c(=O)c(C2=NS(=O)(=O)c3ccccc3N2)c(O)c2cc(F)ccc21,IC50,'=',20,nM,7.7,,,UO_0000065,17.93,0.35,4.25,7.64,0,CHEMBL867029,Inhibitory activity against HCV delta 21 NS5B RNA polymerase by SPA assay,B,BAO_0000357,single protein format,Hepatitis C virus subtype 1b,None,None,None,None,,,,CHEMBL5375,Hepatitis C virus NS5B RNA-dependent RNA polymerase,Hepatitis C virus,SINGLE PROTEIN,CHEMBL1148625,1,Scientific Literature,J Med Chem,2006,None,
CHEMBL201337,,None,432.46,0,2.71,67,O=c1c(C2=NS(=O)(=O)c3ccccc3N2)c(O)c2ccccc2n1Cc1ccncc1,IC50,'=',61,nM,7.21,,,UO_0000065,16.68,0.32,4.5,6.35,0,CHEMBL867029,Inhibitory activity against HCV delta 21 NS5B RNA polymerase by SPA assay,B,BAO_0000357,single protein format,Hepatitis C virus subtype 1b,None,None,None,None,,,,CHEMBL5375,Hepatitis C virus NS5B RNA-dependent RNA polymerase,Hepatitis C virus,SINGLE PROTEIN,CHEMBL1148625,1,Scientific Literature,J Med Chem,2006,None,
CHEMBL202513,,None,429.47,0,3.45,72,CC(C)CCn1c(=O)c(C2=NS(=O)(=O)c3ccccc3N2)c(O)c2c(F)cccc21,IC50,'=',340,nM,6.47,,,UO_0000065,15.06,0.29,3.02,6.42,0,CHEMBL867029,Inhibitory activity against HCV delta 21 NS5B RNA polymerase by SPA assay,B,BAO_0000357,single protein format,Hepatitis C virus subtype 1b,None,None,None,None,,,,CHEMBL5375,Hepatitis C virus NS5B RNA-dependent RNA polymerase,Hepatitis C virus,SINGLE PROTEIN,CHEMBL1148625,1,Scientific Literature,J Med Chem,2006,None,
CHEMBL180974,,None,397.46,0,3.07,1,CCCCn1c(=O)c(C2=NS(=O)(=O)c3ccccc3N2)c(O)c2ccccc21,IC50,'=',200,nM,6.7,,,UO_0000065,16.85,0.33,3.63,6.65,0,CHEMBL867029,Inhibitory activity against HCV delta 21 NS5B RNA polymerase by SPA assay,B,BAO_0000357,single protein format,Hepatitis C virus subtype 1b,None,None,None,None,,,,CHEMBL5375,Hepatitis C virus NS5B RNA-dependent RNA polymerase,Hepatitis C virus,SINGLE PROTEIN,CHEMBL1148625,1,Scientific Literature,J Med Chem,2006,None,
CHEMBL380686,,None,484.53,0,2.18,94,CC(C)CCn1c(=O)c(C2=NS(=O)(=O)c3ccccc3N2)c(O)c2cc(OCC(N)=O)ccc21,IC50,'=',24,nM,7.62,,,UO_0000065,15.73,0.31,5.44,4.98,0,CHEMBL867029,Inhibitory activity against HCV delta 21 NS5B RNA polymerase by SPA assay,B,BAO_0000357,single protein format,Hepatitis C virus subtype 1b,None,None,None,None,,,,CHEMBL5375,Hepatitis C virus NS5B RNA-dependent RNA polymerase,Hepatitis C virus,SINGLE PROTEIN,CHEMBL1148625,1,Scientific Literature,J Med Chem,2006,None,
CHEMBL202449,,None,395.48,0,3.61,119,CC(C)CCn1cc(C2=NS(=O)(=O)c3ccccc3N2)c(=O)c2ccccc21,IC50,'>',10000,nM,,,,UO_0000065,,,,,0,CHEMBL867029,Inhibitory activity against HCV delta 21 NS5B RNA polymerase by SPA assay,B,BAO_0000357,single protein format,Hepatitis C virus subtype 1b,None,None,None,None,,,,CHEMBL5375,Hepatitis C virus NS5B RNA-dependent RNA polymerase,Hepatitis C virus,SINGLE PROTEIN,CHEMBL1148625,1,Scientific Literature,J Med Chem,2006,None,
CHEMBL202407,,None,455.49,0,3.01,89,CC(C)CCn1c(=O)c(C2=NS(=O)(=O)c3ccccc3N2)c(O)c2cc(C(=O)O)ccc21,IC50,'=',1035,nM,5.99,,,UO_0000065,13.14,0.26,2.98,4.34,0,CHEMBL867029,Inhibitory activity against HCV delta 21 NS5B RNA polymerase by SPA assay,B,BAO_0000357,single protein format,Hepatitis C virus subtype 1b,None,None,None,None,,,,CHEMBL5375,Hepatitis C virus NS5B RNA-dependent RNA polymerase,Hepatitis C virus,SINGLE PROTEIN,CHEMBL1148625,1,Scientific Literature,J Med Chem,2006,None,
CHEMBL201555,,None,381.41,0,2.45,18,C=CCn1c(=O)c(C2=NS(=O)(=O)c3ccccc3N2)c(O)c2ccccc21,IC50,'>',10000,nM,,,,UO_0000065,,,,,0,CHEMBL867029,Inhibitory activity against HCV delta 21 NS5B RNA polymerase by SPA assay,B,BAO_0000357,single protein format,Hepatitis C virus subtype 1b,None,None,None,None,,,,CHEMBL5375,Hepatitis C virus NS5B RNA-dependent RNA polymerase,Hepatitis C virus,SINGLE PROTEIN,CHEMBL1148625,1,Scientific Literature,J Med Chem,2006,None,
CHEMBL377275,,None,425.51,0,3.7,17,CCC(C)CCn1c(=O)c(C2=NS(=O)(=O)c3ccccc3N2)c(O)c2ccccc21,IC50,'=',65,nM,7.19,,,UO_0000065,16.89,0.33,3.49,7.13,0,CHEMBL867029,Inhibitory activity against HCV delta 21 NS5B RNA polymerase by SPA assay,B,BAO_0000357,single protein format,Hepatitis C virus subtype 1b,None,None,None,None,,,,CHEMBL5375,Hepatitis C virus NS5B RNA-dependent RNA polymerase,Hepatitis C virus,SINGLE PROTEIN,CHEMBL1148625,1,Scientific Literature,J Med Chem,2006,None,
CHEMBL201034,,None,517.61,1,4.89,90,CC(C)CCn1c(=O)c(C2=NS(=O)(=O)c3ccccc3N2)c(O)c2cc(OCc3ccccc3)ccc21,IC50,'=',3950,nM,5.4,,,UO_0000065,10.44,0.2,0.51,4.91,0,CHEMBL867029,Inhibitory activity against HCV delta 21 NS5B RNA polymerase by SPA assay,B,BAO_0000357,single protein format,Hepatitis C virus subtype 1b,None,None,None,None,,,,CHEMBL5375,Hepatitis C virus NS5B RNA-dependent RNA polymerase,Hepatitis C virus,SINGLE PROTEIN,CHEMBL1148625,1,Scientific Literature,J Med Chem,2006,None,
CHEMBL202079,,None,399.43,0,1.91,35,COCCn1c(=O)c(C2=NS(=O)(=O)c3ccccc3N2)c(O)c2ccccc21,IC50,'=',819,nM,6.09,,,UO_0000065,15.24,0.3,4.18,5.53,0,CHEMBL867029,Inhibitory activity against HCV delta 21 NS5B RNA polymerase by SPA assay,B,BAO_0000357,single protein format,Hepatitis C virus subtype 1b,None,None,None,None,,,,CHEMBL5375,Hepatitis C virus NS5B RNA-dependent RNA polymerase,Hepatitis C virus,SINGLE PROTEIN,CHEMBL1148625,1,Scientific Literature,J Med Chem,2006,None,
CHEMBL371635,,None,395.44,0,2.68,24,O=c1c(C2=NS(=O)(=O)c3ccccc3N2)c(O)c2ccccc2n1CC1CC1,IC50,'=',78,nM,7.11,,,UO_0000065,17.97,0.35,4.43,7.05,0,CHEMBL867029,Inhibitory activity against HCV delta 21 NS5B RNA polymerase by SPA assay,B,BAO_0000357,single protein format,Hepatitis C virus subtype 1b,None,None,None,None,,,,CHEMBL5375,Hepatitis C virus NS5B RNA-dependent RNA polymerase,Hepatitis C virus,SINGLE PROTEIN,CHEMBL1148625,1,Scientific Literature,J Med Chem,2006,None,
CHEMBL201063,,None,476.47,0,3.22,60,O=c1c(C2=NS(=O)(=O)c3ccccc3N2)c(O)c2ccccc2n1Cc1cccc([N+](=O)[O-])c1,IC50,'=',81,nM,7.09,,,UO_0000065,14.88,0.28,3.87,4.93,0,CHEMBL867029,Inhibitory activity against HCV delta 21 NS5B RNA polymerase by SPA assay,B,BAO_0000357,single protein format,Hepatitis C virus subtype 1b,None,None,None,None,,,,CHEMBL5375,Hepatitis C virus NS5B RNA-dependent RNA polymerase,Hepatitis C virus,SINGLE PROTEIN,CHEMBL1148625,1,Scientific Literature,J Med Chem,2006,None,
CHEMBL204401,,None,511.6,1,2.81,100,CC(C)CCn1c(=O)c(C2=NS(=O)(=O)c3ccccc3N2)c(O)c2cc(NC(=O)CN(C)C)ccc21,IC50,'=',5805,nM,5.24,,,UO_0000065,10.23,0.2,2.43,3.93,0,CHEMBL867029,Inhibitory activity against HCV delta 21 NS5B RNA polymerase by SPA assay,B,BAO_0000357,single protein format,Hepatitis C virus subtype 1b,None,None,None,None,,,,CHEMBL5375,Hepatitis C virus NS5B RNA-dependent RNA polymerase,Hepatitis C virus,SINGLE PROTEIN,CHEMBL1148625,1,Scientific Literature,J Med Chem,2006,None,
CHEMBL382159,,None,494.57,0,4,92,CC(C)CCn1c(=O)c(C2=NS(=O)(=O)c3ccccc3N2)c(O)c2cc(OCCCC#N)ccc21,IC50,'=',4328,nM,5.36,,,UO_0000065,10.85,0.21,1.36,4.01,0,CHEMBL867029,Inhibitory activity against HCV delta 21 NS5B RNA polymerase by SPA assay,B,BAO_0000357,single protein format,Hepatitis C virus subtype 1b,None,None,None,None,,,,CHEMBL5375,Hepatitis C virus NS5B RNA-dependent RNA polymerase,Hepatitis C virus,SINGLE PROTEIN,CHEMBL1148625,1,Scientific Literature,J Med Chem,2006,None,
CHEMBL201604,,None,487.58,0,4.98,76,CC(C)CCn1c(=O)c(C2=NS(=O)(=O)c3ccccc3N2)c(O)c2c(-c3ccccc3)cccc21,IC50,'=',144,nM,6.84,,,UO_0000065,14.03,0.27,1.86,6.79,0,CHEMBL867029,Inhibitory activity against HCV delta 21 NS5B RNA polymerase by SPA assay,B,BAO_0000357,single protein format,Hepatitis C virus subtype 1b,None,None,None,None,,,,CHEMBL5375,Hepatitis C virus NS5B RNA-dependent RNA polymerase,Hepatitis C virus,SINGLE PROTEIN,CHEMBL1148625,1,Scientific Literature,J Med Chem,2006,None,
CHEMBL201722,,None,480.55,0,2.81,109,CC(C)CCn1c(=O)c(C2=NS(=O)(=O)c3ccccc3N2)c(O)c2ccc(/C=C/C(N)=O)cc21,IC50,'>',10000,nM,,,,UO_0000065,,,,,0,CHEMBL867029,Inhibitory activity against HCV delta 21 NS5B RNA polymerase by SPA assay,B,BAO_0000357,single protein format,Hepatitis C virus subtype 1b,None,None,None,None,,,,CHEMBL5375,Hepatitis C virus NS5B RNA-dependent RNA polymerase,Hepatitis C virus,SINGLE PROTEIN,CHEMBL1148625,1,Scientific Literature,J Med Chem,2006,None,
CHEMBL439333,,None,522.63,1,4.44,101,CC(C)CCn1c(=O)c(C2=NS(=O)(=O)c3ccccc3N2)c(O)c2cc(NC(=O)C3CCCC3)ccc21,IC50,'=',973,nM,6.01,,,UO_0000065,11.5,0.22,1.57,4.63,0,CHEMBL867029,Inhibitory activity against HCV delta 21 NS5B RNA polymerase by SPA assay,B,BAO_0000357,single protein format,Hepatitis C virus subtype 1b,None,None,None,None,,,,CHEMBL5375,Hepatitis C virus NS5B RNA-dependent RNA polymerase,Hepatitis C virus,SINGLE PROTEIN,CHEMBL1148625,1,Scientific Literature,J Med Chem,2006,None,
CHEMBL202315,,None,456.48,0,3.22,78,CC(C)CCn1c(=O)c(C2=NS(=O)(=O)c3ccccc3N2)c(O)c2c([N+](=O)[O-])cccc21,IC50,'=',338,nM,6.47,,,UO_0000065,14.18,0.28,3.25,4.5,0,CHEMBL867029,Inhibitory activity against HCV delta 21 NS5B RNA polymerase by SPA assay,B,BAO_0000357,single protein format,Hepatitis C virus subtype 1b,None,None,None,None,,,,CHEMBL5375,Hepatitis C virus NS5B RNA-dependent RNA polymerase,Hepatitis C virus,SINGLE PROTEIN,CHEMBL1148625,1,Scientific Literature,J Med Chem,2006,None,
CHEMBL201769,,None,425.51,0,3.62,83,Cc1ccc2c(c1)c(O)c(C1=NS(=O)(=O)c3ccccc3N1)c(=O)n2CCC(C)C,IC50,'=',47,nM,7.33,,,UO_0000065,17.22,0.33,3.71,7.27,0,CHEMBL867029,Inhibitory activity against HCV delta 21 NS5B RNA polymerase by SPA assay,B,BAO_0000357,single protein format,Hepatitis C virus subtype 1b,None,None,None,None,,,,CHEMBL5375,Hepatitis C virus NS5B RNA-dependent RNA polymerase,Hepatitis C virus,SINGLE PROTEIN,CHEMBL1148625,1,Scientific Literature,J Med Chem,2006,None,
CHEMBL201606,,None,455.49,0,2.61,49,CCOC(=O)CCCn1c(=O)c(C2=NS(=O)(=O)c3ccccc3N2)c(O)c2ccccc21,IC50,'>',10000,nM,,,,UO_0000065,,,,,0,CHEMBL867029,Inhibitory activity against HCV delta 21 NS5B RNA polymerase by SPA assay,B,BAO_0000357,single protein format,Hepatitis C virus subtype 1b,None,None,None,None,,,,CHEMBL5375,Hepatitis C virus NS5B RNA-dependent RNA polymerase,Hepatitis C virus,SINGLE PROTEIN,CHEMBL1148625,1,Scientific Literature,J Med Chem,2006,None,
CHEMBL202195,,None,333.39,0,4.05,127,CCCCn1c(=O)c(-c2nc3ccccc3[nH]2)c(O)c2ccccc21,IC50,'>',10000,nM,,,,UO_0000065,,,,,0,CHEMBL867029,Inhibitory activity against HCV delta 21 NS5B RNA polymerase by SPA assay,B,BAO_0000357,single protein format,Hepatitis C virus subtype 1b,None,None,None,None,,,,CHEMBL5375,Hepatitis C virus NS5B RNA-dependent RNA polymerase,Hepatitis C virus,SINGLE PROTEIN,CHEMBL1148625,1,Scientific Literature,J Med Chem,2006,None,
CHEMBL201140,,None,425.47,0,2.45,38,O=c1c(C2=NS(=O)(=O)c3ccccc3N2)c(O)c2ccccc2n1CC1CCCO1,IC50,'=',528,nM,6.28,,,UO_0000065,14.75,0.29,3.83,5.71,0,CHEMBL867029,Inhibitory activity against HCV delta 21 NS5B RNA polymerase by SPA assay,B,BAO_0000357,single protein format,Hepatitis C virus subtype 1b,None,None,None,None,,,,CHEMBL5375,Hepatitis C virus NS5B RNA-dependent RNA polymerase,Hepatitis C virus,SINGLE PROTEIN,CHEMBL1148625,1,Scientific Literature,J Med Chem,2006,None,
CHEMBL201927,,None,413.46,0,2.04,44,O=c1c(C2=NS(=O)(=O)c3ccccc3N2)c(O)c2ccccc2n1CCCCO,IC50,'=',1301,nM,5.89,,,UO_0000065,14.24,0.28,3.85,4.86,0,CHEMBL867029,Inhibitory activity against HCV delta 21 NS5B RNA polymerase by SPA assay,B,BAO_0000357,single protein format,Hepatitis C virus subtype 1b,None,None,None,None,,,,CHEMBL5375,Hepatitis C virus NS5B RNA-dependent RNA polymerase,Hepatitis C virus,SINGLE PROTEIN,CHEMBL1148625,1,Scientific Literature,J Med Chem,2006,None,
CHEMBL381699,,None,447.49,0,1.31,41,CS(=O)(=O)CCn1c(=O)c(C2=NS(=O)(=O)c3ccccc3N2)c(O)c2ccccc21,IC50,'=',2322,nM,5.63,,,UO_0000065,12.59,0.26,4.32,4.18,0,CHEMBL867029,Inhibitory activity against HCV delta 21 NS5B RNA polymerase by SPA assay,B,BAO_0000357,single protein format,Hepatitis C virus subtype 1b,None,None,None,None,,,,CHEMBL5375,Hepatitis C virus NS5B RNA-dependent RNA polymerase,Hepatitis C virus,SINGLE PROTEIN,CHEMBL1148625,1,Scientific Literature,J Med Chem,2006,None,
CHEMBL202566,,None,355.38,0,1.81,11,Cn1c(=O)c(C2=NS(=O)(=O)c3ccccc3N2)c(O)c2ccccc21,IC50,'=',5592,nM,5.25,,,UO_0000065,14.78,0.29,3.44,5.21,0,CHEMBL867029,Inhibitory activity against HCV delta 21 NS5B RNA polymerase by SPA assay,B,BAO_0000357,single protein format,Hepatitis C virus subtype 1b,None,None,None,None,,,,CHEMBL5375,Hepatitis C virus NS5B RNA-dependent RNA polymerase,Hepatitis C virus,SINGLE PROTEIN,CHEMBL1148625,1,Scientific Literature,J Med Chem,2006,None,
CHEMBL383170,,None,427.46,0,3.21,110,O=c1c(C2=NS(=O)(=O)c3ccccc3N2)c(O)c2cccc(F)c2n1CCC1CC1,IC50,'=',90,nM,7.05,,,UO_0000065,16.48,0.32,3.84,6.99,0,CHEMBL867029,Inhibitory activity against HCV delta 21 NS5B RNA polymerase by SPA assay,B,BAO_0000357,single protein format,Hepatitis C virus subtype 1b,None,None,None,None,,,,CHEMBL5375,Hepatitis C virus NS5B RNA-dependent RNA polymerase,Hepatitis C virus,SINGLE PROTEIN,CHEMBL1148625,1,Scientific Literature,J Med Chem,2006,None,
CHEMBL202191,,None,456.48,0,3.19,58,N#Cc1ccccc1Cn1c(=O)c(C2=NS(=O)(=O)c3ccccc3N2)c(O)c2ccccc21,IC50,'=',780,nM,6.11,,,UO_0000065,13.38,0.25,2.92,4.9,0,CHEMBL867029,Inhibitory activity against HCV delta 21 NS5B RNA polymerase by SPA assay,B,BAO_0000357,single protein format,Hepatitis C virus subtype 1b,None,None,None,None,,,,CHEMBL5375,Hepatitis C virus NS5B RNA-dependent RNA polymerase,Hepatitis C virus,SINGLE PROTEIN,CHEMBL1148625,1,Scientific Literature,J Med Chem,2006,None,
CHEMBL372357,,None,427.46,0,3.02,130,O=c1c(C2=Nc3ccccc3S(=O)(=O)N2)c(O)c2cc(F)ccc2n1CCC1CC1,IC50,'=',10,nM,8,,,UO_0000065,18.72,0.36,4.98,7.94,0,CHEMBL867029,Inhibitory activity against HCV delta 21 NS5B RNA polymerase by SPA assay,B,BAO_0000357,single protein format,Hepatitis C virus subtype 1b,None,None,None,None,,,,CHEMBL5375,Hepatitis C virus NS5B RNA-dependent RNA polymerase,Hepatitis C virus,SINGLE PROTEIN,CHEMBL1148625,1,Scientific Literature,J Med Chem,2006,None,
CHEMBL203426,,None,424.48,0,2.65,129,Nc1ccc2c(c1)c(O)c(C1=NS(=O)(=O)c3ccccc3N1)c(=O)n2CCC1CC1,IC50,'=',32,nM,7.5,,,UO_0000065,17.66,0.34,4.84,5.91,0,CHEMBL867029,Inhibitory activity against HCV delta 21 NS5B RNA polymerase by SPA assay,B,BAO_0000357,single protein format,Hepatitis C virus subtype 1b,None,None,None,None,,,,CHEMBL5375,Hepatitis C virus NS5B RNA-dependent RNA polymerase,Hepatitis C virus,SINGLE PROTEIN,CHEMBL1148625,1,Scientific Literature,J Med Chem,2006,None,
CHEMBL377075,,None,417.45,0,3.26,54,O=c1c(C2=NS(=O)(=O)c3ccccc3N2)c(O)c2ccccc2n1-c1ccccc1,IC50,'>',10000,nM,,,,UO_0000065,,,,,0,CHEMBL867029,Inhibitory activity against HCV delta 21 NS5B RNA polymerase by SPA assay,B,BAO_0000357,single protein format,Hepatitis C virus subtype 1b,None,None,None,None,,,,CHEMBL5375,Hepatitis C virus NS5B RNA-dependent RNA polymerase,Hepatitis C virus,SINGLE PROTEIN,CHEMBL1148625,1,Scientific Literature,J Med Chem,2006,None,
CHEMBL201770,,None,427.44,0,2.13,51,O=C(O)CCCn1c(=O)c(C2=NS(=O)(=O)c3ccccc3N2)c(O)c2ccccc21,IC50,'>',10000,nM,,,,UO_0000065,,,,,0,CHEMBL867029,Inhibitory activity against HCV delta 21 NS5B RNA polymerase by SPA assay,B,BAO_0000357,single protein format,Hepatitis C virus subtype 1b,None,None,None,None,,,,CHEMBL5375,Hepatitis C virus NS5B RNA-dependent RNA polymerase,Hepatitis C virus,SINGLE PROTEIN,CHEMBL1148625,1,Scientific Literature,J Med Chem,2006,None,
CHEMBL201406,,None,445.93,0,3.97,80,CC(C)CCn1c(=O)c(C2=NS(=O)(=O)c3ccccc3N2)c(O)c2cc(Cl)ccc21,IC50,'=',43,nM,7.37,,,UO_0000065,16.52,0.34,3.4,7.31,0,CHEMBL867029,Inhibitory activity against HCV delta 21 NS5B RNA polymerase by SPA assay,B,BAO_0000357,single protein format,Hepatitis C virus subtype 1b,None,None,None,None,,,,CHEMBL5375,Hepatitis C virus NS5B RNA-dependent RNA polymerase,Hepatitis C virus,SINGLE PROTEIN,CHEMBL1148625,1,Scientific Literature,J Med Chem,2006,None,
CHEMBL381529,,None,490.38,0,4.08,74,CC(C)CCn1c(=O)c(C2=NS(=O)(=O)c3ccccc3N2)c(O)c2c(Br)cccc21,IC50,'=',105,nM,6.98,,,UO_0000065,14.23,0.32,2.9,6.93,0,CHEMBL867029,Inhibitory activity against HCV delta 21 NS5B RNA polymerase by SPA assay,B,BAO_0000357,single protein format,Hepatitis C virus subtype 1b,None,None,None,None,,,,CHEMBL5375,Hepatitis C virus NS5B RNA-dependent RNA polymerase,Hepatitis C virus,SINGLE PROTEIN,CHEMBL1148625,1,Scientific Literature,J Med Chem,2006,None,
CHEMBL201690,,None,466.52,0,3.22,91,CC(C)CCn1c(=O)c(C2=NS(=O)(=O)c3ccccc3N2)c(O)c2cc(OCC#N)ccc21,IC50,'=',34,nM,7.47,,,UO_0000065,16.01,0.31,4.25,5.58,0,CHEMBL867029,Inhibitory activity against HCV delta 21 NS5B RNA polymerase by SPA assay,B,BAO_0000357,single protein format,Hepatitis C virus subtype 1b,None,None,None,None,,,,CHEMBL5375,Hepatitis C virus NS5B RNA-dependent RNA polymerase,Hepatitis C virus,SINGLE PROTEIN,CHEMBL1148625,1,Scientific Literature,J Med Chem,2006,None,
CHEMBL202448,,None,395.48,0,3.61,115,CC(C)CCn1c(=O)c(C2=NS(=O)(=O)c3ccccc3N2)cc2ccccc21,IC50,'>',10000,nM,,,,UO_0000065,,,,,0,CHEMBL867029,Inhibitory activity against HCV delta 21 NS5B RNA polymerase by SPA assay,B,BAO_0000357,single protein format,Hepatitis C virus subtype 1b,None,None,None,None,,,,CHEMBL5375,Hepatitis C virus NS5B RNA-dependent RNA polymerase,Hepatitis C virus,SINGLE PROTEIN,CHEMBL1148625,1,Scientific Literature,J Med Chem,2006,None,
CHEMBL378164,,None,456.48,0,3.22,84,CC(C)CCn1c(=O)c(C2=NS(=O)(=O)c3ccccc3N2)c(O)c2cc([N+](=O)[O-])ccc21,IC50,'=',455,nM,6.34,,,UO_0000065,13.89,0.27,3.12,4.41,0,CHEMBL867029,Inhibitory activity against HCV delta 21 NS5B RNA polymerase by SPA assay,B,BAO_0000357,single protein format,Hepatitis C virus subtype 1b,None,None,None,None,,,,CHEMBL5375,Hepatitis C virus NS5B RNA-dependent RNA polymerase,Hepatitis C virus,SINGLE PROTEIN,CHEMBL1148625,1,Scientific Literature,J Med Chem,2006,None,
CHEMBL201360,,None,385.4,0,1.26,42,O=c1c(C2=NS(=O)(=O)c3ccccc3N2)c(O)c2ccccc2n1CCO,IC50,'>',10000,nM,,,,UO_0000065,,,,,0,CHEMBL867029,Inhibitory activity against HCV delta 21 NS5B RNA polymerase by SPA assay,B,BAO_0000357,single protein format,Hepatitis C virus subtype 1b,None,None,None,None,,,,CHEMBL5375,Hepatitis C virus NS5B RNA-dependent RNA polymerase,Hepatitis C virus,SINGLE PROTEIN,CHEMBL1148625,1,Scientific Literature,J Med Chem,2006,None,
CHEMBL202325,,None,431.5,0,1.65,40,C[S+]([O-])CCn1c(=O)c(C2=NS(=O)(=O)c3ccccc3N2)c(O)c2ccccc21,IC50,'=',2537,nM,5.6,,,UO_0000065,12.97,0.26,3.95,4.52,0,CHEMBL867029,Inhibitory activity against HCV delta 21 NS5B RNA polymerase by SPA assay,B,BAO_0000357,single protein format,Hepatitis C virus subtype 1b,None,None,None,None,,,,CHEMBL5375,Hepatitis C virus NS5B RNA-dependent RNA polymerase,Hepatitis C virus,SINGLE PROTEIN,CHEMBL1148625,1,Scientific Literature,J Med Chem,2006,None,
CHEMBL202250,,None,383.43,0,2.68,13,CCCn1c(=O)c(C2=NS(=O)(=O)c3ccccc3N2)c(O)c2ccccc21,IC50,'=',1550,nM,5.81,,,UO_0000065,15.15,0.29,3.13,5.77,0,CHEMBL867029,Inhibitory activity against HCV delta 21 NS5B RNA polymerase by SPA assay,B,BAO_0000357,single protein format,Hepatitis C virus subtype 1b,None,None,None,None,,,,CHEMBL5375,Hepatitis C virus NS5B RNA-dependent RNA polymerase,Hepatitis C virus,SINGLE PROTEIN,CHEMBL1148625,1,Scientific Literature,J Med Chem,2006,None,
CHEMBL201823,,None,468.54,0,3.27,98,CC(=O)Nc1ccc2c(c1)c(O)c(C1=NS(=O)(=O)c3ccccc3N1)c(=O)n2CCC(C)C,IC50,'>',10000,nM,,,,UO_0000065,,,,,0,CHEMBL867029,Inhibitory activity against HCV delta 21 NS5B RNA polymerase by SPA assay,B,BAO_0000357,single protein format,Hepatitis C virus subtype 1b,None,None,None,None,,,,CHEMBL5375,Hepatitis C virus NS5B RNA-dependent RNA polymerase,Hepatitis C virus,SINGLE PROTEIN,CHEMBL1148625,1,Scientific Literature,J Med Chem,2006,None,
CHEMBL201436,,None,427.48,0,2.69,36,COC(C)CCn1c(=O)c(C2=NS(=O)(=O)c3ccccc3N2)c(O)c2ccccc21,IC50,'=',82,nM,7.09,,,UO_0000065,16.58,0.32,4.4,6.44,0,CHEMBL867029,Inhibitory activity against HCV delta 21 NS5B RNA polymerase by SPA assay,B,BAO_0000357,single protein format,Hepatitis C virus subtype 1b,None,None,None,None,,,,CHEMBL5375,Hepatitis C virus NS5B RNA-dependent RNA polymerase,Hepatitis C virus,SINGLE PROTEIN,CHEMBL1148625,1,Scientific Literature,J Med Chem,2006,None,
CHEMBL202539,,None,437.52,0,3.85,29,O=c1c(C2=NS(=O)(=O)c3ccccc3N2)c(O)c2ccccc2n1CC1CCCCC1,IC50,'=',367,nM,6.43,,,UO_0000065,14.71,0.28,2.59,6.39,0,CHEMBL867029,Inhibitory activity against HCV delta 21 NS5B RNA polymerase by SPA assay,B,BAO_0000357,single protein format,Hepatitis C virus subtype 1b,None,None,None,None,,,,CHEMBL5375,Hepatitis C virus NS5B RNA-dependent RNA polymerase,Hepatitis C virus,SINGLE PROTEIN,CHEMBL1148625,1,Scientific Literature,J Med Chem,2006,None,
CHEMBL201385,,None,409.47,0,3.07,27,O=c1c(C2=NS(=O)(=O)c3ccccc3N2)c(O)c2ccccc2n1CC1CCC1,IC50,'=',49,nM,7.31,,,UO_0000065,17.85,0.34,4.24,7.25,0,CHEMBL867029,Inhibitory activity against HCV delta 21 NS5B RNA polymerase by SPA assay,B,BAO_0000357,single protein format,Hepatitis C virus subtype 1b,None,None,None,None,,,,CHEMBL5375,Hepatitis C virus NS5B RNA-dependent RNA polymerase,Hepatitis C virus,SINGLE PROTEIN,CHEMBL1148625,1,Scientific Literature,J Med Chem,2006,None,
CHEMBL201876,,None,412.47,0,2.23,122,CC(C)CCn1c(=O)n(C2=NS(=O)(=O)c3ccccc3N2)c(=O)c2ccccc21,IC50,'=',9940,nM,5,,,UO_0000065,12.13,0.24,2.77,4.88,0,CHEMBL867029,Inhibitory activity against HCV delta 21 NS5B RNA polymerase by SPA assay,B,BAO_0000357,single protein format,Hepatitis C virus subtype 1b,None,None,None,None,,,,CHEMBL5375,Hepatitis C virus NS5B RNA-dependent RNA polymerase,Hepatitis C virus,SINGLE PROTEIN,CHEMBL1148625,1,Scientific Literature,J Med Chem,2006,None,
CHEMBL377721,,None,456.48,0,3.22,106,CC(C)CCn1c(=O)c(C2=NS(=O)(=O)c3ccccc3N2)c(O)c2ccc([N+](=O)[O-])cc21,IC50,'>',10000,nM,,,,UO_0000065,,,,,0,CHEMBL867029,Inhibitory activity against HCV delta 21 NS5B RNA polymerase by SPA assay,B,BAO_0000357,single protein format,Hepatitis C virus subtype 1b,None,None,None,None,,,,CHEMBL5375,Hepatitis C virus NS5B RNA-dependent RNA polymerase,Hepatitis C virus,SINGLE PROTEIN,CHEMBL1148625,1,Scientific Literature,J Med Chem,2006,None,
CHEMBL383063,,None,510.62,1,4.3,99,CC(C)CCn1c(=O)c(C2=NS(=O)(=O)c3ccccc3N2)c(O)c2cc(NC(=O)CC(C)C)ccc21,IC50,'=',6503,nM,5.19,,,UO_0000065,10.16,0.2,0.89,3.99,0,CHEMBL867029,Inhibitory activity against HCV delta 21 NS5B RNA polymerase by SPA assay,B,BAO_0000357,single protein format,Hepatitis C virus subtype 1b,None,None,None,None,,,,CHEMBL5375,Hepatitis C virus NS5B RNA-dependent RNA polymerase,Hepatitis C virus,SINGLE PROTEIN,CHEMBL1148625,1,Scientific Literature,J Med Chem,2006,None,
CHEMBL202165,,None,465.45,0,3.86,31,CC(CCn1c(=O)c(C2=NS(=O)(=O)c3ccccc3N2)c(O)c2ccccc21)C(F)(F)F,IC50,'=',44,nM,7.36,,,UO_0000065,15.81,0.31,3.5,7.3,0,CHEMBL867029,Inhibitory activity against HCV delta 21 NS5B RNA polymerase by SPA assay,B,BAO_0000357,single protein format,Hepatitis C virus subtype 1b,None,None,None,None,,,,CHEMBL5375,Hepatitis C virus NS5B RNA-dependent RNA polymerase,Hepatitis C virus,SINGLE PROTEIN,CHEMBL1148625,1,Scientific Literature,J Med Chem,2006,None,
CHEMBL201814,,None,395.44,0,2.84,21,C=CCCn1c(=O)c(C2=NS(=O)(=O)c3ccccc3N2)c(O)c2ccccc21,IC50,'=',90,nM,7.05,,,UO_0000065,17.82,0.34,4.21,6.99,0,CHEMBL867029,Inhibitory activity against HCV delta 21 NS5B RNA polymerase by SPA assay,B,BAO_0000357,single protein format,Hepatitis C virus subtype 1b,None,None,None,None,,,,CHEMBL5375,Hepatitis C virus NS5B RNA-dependent RNA polymerase,Hepatitis C virus,SINGLE PROTEIN,CHEMBL1148625,1,Scientific Literature,J Med Chem,2006,None,
CHEMBL439511,,None,457.48,0,3.02,53,CC(C)(C)C(=O)Cn1c(=O)c(C2=NS(=O)(=O)c3ccccc3N2)c(O)c2cc(F)ccc21,IC50,'=',696,nM,6.16,,,UO_0000065,13.46,0.26,3.14,5.23,0,CHEMBL867029,Inhibitory activity against HCV delta 21 NS5B RNA polymerase by SPA assay,B,BAO_0000357,single protein format,Hepatitis C virus subtype 1b,None,None,None,None,,,,CHEMBL5375,Hepatitis C virus NS5B RNA-dependent RNA polymerase,Hepatitis C virus,SINGLE PROTEIN,CHEMBL1148625,1,Scientific Literature,J Med Chem,2006,None,
CHEMBL203254,,None,409.47,0,2.92,25,CC1CC1Cn1c(=O)c(C2=NS(=O)(=O)c3ccccc3N2)c(O)c2ccccc21,IC50,'=',41,nM,7.39,,,UO_0000065,18.04,0.35,4.47,7.33,0,CHEMBL867029,Inhibitory activity against HCV delta 21 NS5B RNA polymerase by SPA assay,B,BAO_0000357,single protein format,Hepatitis C virus subtype 1b,None,None,None,None,,,,CHEMBL5375,Hepatitis C virus NS5B RNA-dependent RNA polymerase,Hepatitis C virus,SINGLE PROTEIN,CHEMBL1148625,1,Scientific Literature,J Med Chem,2006,None,
CHEMBL381218,,None,409.47,0,3.23,20,CC(C)=CCn1c(=O)c(C2=NS(=O)(=O)c3ccccc3N2)c(O)c2ccccc21,IC50,'=',289,nM,6.54,,,UO_0000065,15.97,0.31,3.31,6.49,0,CHEMBL867029,Inhibitory activity against HCV delta 21 NS5B RNA polymerase by SPA assay,B,BAO_0000357,single protein format,Hepatitis C virus subtype 1b,None,None,None,None,,,,CHEMBL5375,Hepatitis C virus NS5B RNA-dependent RNA polymerase,Hepatitis C virus,SINGLE PROTEIN,CHEMBL1148625,1,Scientific Literature,J Med Chem,2006,None,
CHEMBL372357,,None,427.46,0,3.02,130,O=c1c(C2=Nc3ccccc3S(=O)(=O)N2)c(O)c2cc(F)ccc2n1CCC1CC1,IC50,'=',49,nM,7.31,,,UO_0000065,17.1,0.33,4.29,7.25,0,CHEMBL867031,Inhibitory activity against HCV 1a NS5B RNA polymerase,B,BAO_0000357,single protein format,Hepatitis C virus,None,None,None,None,,,,CHEMBL5375,Hepatitis C virus NS5B RNA-dependent RNA polymerase,Hepatitis C virus,SINGLE PROTEIN,CHEMBL1148625,1,Scientific Literature,J Med Chem,2006,None,
CHEMBL203369,,None,425.51,0,3.34,125,CC(C)CCn1c(=O)c(C2=NS(=O)(=O)c3ccccc3N2C)c(O)c2ccccc21,IC50,'>',2429,nM,,,,UO_0000065,,,,,0,CHEMBL867029,Inhibitory activity against HCV delta 21 NS5B RNA polymerase by SPA assay,B,BAO_0000357,single protein format,Hepatitis C virus subtype 1b,None,None,None,None,,,,CHEMBL5375,Hepatitis C virus NS5B RNA-dependent RNA polymerase,Hepatitis C virus,SINGLE PROTEIN,CHEMBL1148625,1,Scientific Literature,J Med Chem,2006,None,
CHEMBL202423,,None,410.5,0,3.19,126,CC(C)CCn1c(=O)c(C2=NS(=O)(=O)c3ccccc3N2)c(N)c2ccccc21,IC50,'>',10000,nM,,,,UO_0000065,,,,,0,CHEMBL867029,Inhibitory activity against HCV delta 21 NS5B RNA polymerase by SPA assay,B,BAO_0000357,single protein format,Hepatitis C virus subtype 1b,None,None,None,None,,,,CHEMBL5375,Hepatitis C virus NS5B RNA-dependent RNA polymerase,Hepatitis C virus,SINGLE PROTEIN,CHEMBL1148625,1,Scientific Literature,J Med Chem,2006,None,
CHEMBL201912,,None,483.55,0,3.49,107,CCOC(=O)c1ccc2c(O)c(C3=NS(=O)(=O)c4ccccc4N3)c(=O)n(CCC(C)C)c2c1,IC50,'>',10000,nM,,,,UO_0000065,,,,,0,CHEMBL867029,Inhibitory activity against HCV delta 21 NS5B RNA polymerase by SPA assay,B,BAO_0000357,single protein format,Hepatitis C virus subtype 1b,None,None,None,None,,,,CHEMBL5375,Hepatitis C virus NS5B RNA-dependent RNA polymerase,Hepatitis C virus,SINGLE PROTEIN,CHEMBL1148625,1,Scientific Literature,J Med Chem,2006,None,
CHEMBL202261,,None,490.38,0,4.08,105,CC(C)CCn1c(=O)c(C2=NS(=O)(=O)c3ccccc3N2)c(O)c2ccc(Br)cc21,IC50,'>',10000,nM,,,,UO_0000065,,,,,0,CHEMBL867029,Inhibitory activity against HCV delta 21 NS5B RNA polymerase by SPA assay,B,BAO_0000357,single protein format,Hepatitis C virus subtype 1b,None,None,None,None,,,,CHEMBL5375,Hepatitis C virus NS5B RNA-dependent RNA polymerase,Hepatitis C virus,SINGLE PROTEIN,CHEMBL1148625,1,Scientific Literature,J Med Chem,2006,None,
CHEMBL425757,,None,485.56,0,3.34,93,COCCOc1ccc2c(c1)c(O)c(C1=NS(=O)(=O)c3ccccc3N1)c(=O)n2CCC(C)C,IC50,'=',1741,nM,5.76,,,UO_0000065,11.86,0.23,2.42,4.83,0,CHEMBL867029,Inhibitory activity against HCV delta 21 NS5B RNA polymerase by SPA assay,B,BAO_0000357,single protein format,Hepatitis C virus subtype 1b,None,None,None,None,,,,CHEMBL5375,Hepatitis C virus NS5B RNA-dependent RNA polymerase,Hepatitis C virus,SINGLE PROTEIN,CHEMBL1148625,1,Scientific Literature,J Med Chem,2006,None,
CHEMBL202375,,None,451.53,0,3.57,70,O=c1c(C2=NS(=O)(=O)c3ccccc3N2)c(O)c2ccccc2n1CCc1ccsc1,IC50,'>',10000,nM,,,,UO_0000065,,,,,0,CHEMBL867029,Inhibitory activity against HCV delta 21 NS5B RNA polymerase by SPA assay,B,BAO_0000357,single protein format,Hepatitis C virus subtype 1b,None,None,None,None,,,,CHEMBL5375,Hepatitis C virus NS5B RNA-dependent RNA polymerase,Hepatitis C virus,SINGLE PROTEIN,CHEMBL1148625,1,Scientific Literature,J Med Chem,2006,None,
CHEMBL202319,,None,409.47,0,3.07,26,O=c1c(C2=NS(=O)(=O)c3ccccc3N2)c(O)c2ccccc2n1CCC1CC1,IC50,'=',13,nM,7.89,,,UO_0000065,19.26,0.37,4.82,7.83,0,CHEMBL867029,Inhibitory activity against HCV delta 21 NS5B RNA polymerase by SPA assay,B,BAO_0000357,single protein format,Hepatitis C virus subtype 1b,None,None,None,None,,,,CHEMBL5375,Hepatitis C virus NS5B RNA-dependent RNA polymerase,Hepatitis C virus,SINGLE PROTEIN,CHEMBL1148625,1,Scientific Literature,J Med Chem,2006,None,
CHEMBL202304,,None,456.48,0,3.22,111,CC(C)CCn1c(=O)c(C2=NS(=O)(=O)c3ccccc3N2)c(O)c2cccc([N+](=O)[O-])c21,IC50,'>',10000,nM,,,,UO_0000065,,,,,0,CHEMBL867029,Inhibitory activity against HCV delta 21 NS5B RNA polymerase by SPA assay,B,BAO_0000357,single protein format,Hepatitis C virus subtype 1b,None,None,None,None,,,,CHEMBL5375,Hepatitis C virus NS5B RNA-dependent RNA polymerase,Hepatitis C virus,SINGLE PROTEIN,CHEMBL1148625,1,Scientific Literature,J Med Chem,2006,None,
CHEMBL202595,,None,484.58,0,3.11,97,CC(C)(C)CCn1c(=O)c(C2=NS(=O)(=O)c3ccccc3N2)c(O)c2cc(NCCO)ccc21,IC50,'=',48,nM,7.32,,,UO_0000065,15.1,0.29,4.21,5.5,0,CHEMBL867029,Inhibitory activity against HCV delta 21 NS5B RNA polymerase by SPA assay,B,BAO_0000357,single protein format,Hepatitis C virus subtype 1b,None,None,None,None,,,,CHEMBL5375,Hepatitis C virus NS5B RNA-dependent RNA polymerase,Hepatitis C virus,SINGLE PROTEIN,CHEMBL1148625,1,Scientific Literature,J Med Chem,2006,None,
CHEMBL381310,,None,425.47,0,2.3,37,O=c1c(C2=NS(=O)(=O)c3ccccc3N2)c(O)c2ccccc2n1CC1CCOC1,IC50,'=',484,nM,6.32,,,UO_0000065,14.84,0.29,4.02,5.74,0,CHEMBL867029,Inhibitory activity against HCV delta 21 NS5B RNA polymerase by SPA assay,B,BAO_0000357,single protein format,Hepatitis C virus subtype 1b,None,None,None,None,,,,CHEMBL5375,Hepatitis C virus NS5B RNA-dependent RNA polymerase,Hepatitis C virus,SINGLE PROTEIN,CHEMBL1148625,1,Scientific Literature,J Med Chem,2006,None,
CHEMBL201928,,None,412.47,0,1.83,45,CN(C)CCn1c(=O)c(C2=NS(=O)(=O)c3ccccc3N2)c(O)c2ccccc21,IC50,'>',10000,nM,,,,UO_0000065,,,,,0,CHEMBL867029,Inhibitory activity against HCV delta 21 NS5B RNA polymerase by SPA assay,B,BAO_0000357,single protein format,Hepatitis C virus subtype 1b,None,None,None,None,,,,CHEMBL5375,Hepatitis C virus NS5B RNA-dependent RNA polymerase,Hepatitis C virus,SINGLE PROTEIN,CHEMBL1148625,1,Scientific Literature,J Med Chem,2006,None,
CHEMBL370203,,None,421.43,0,2.91,68,O=c1c(C2=NS(=O)(=O)c3ccccc3N2)c(O)c2ccccc2n1Cc1ccoc1,IC50,'=',27,nM,7.57,,,UO_0000065,17.96,0.34,4.66,6.64,0,CHEMBL867029,Inhibitory activity against HCV delta 21 NS5B RNA polymerase by SPA assay,B,BAO_0000357,single protein format,Hepatitis C virus subtype 1b,None,None,None,None,,,,CHEMBL5375,Hepatitis C virus NS5B RNA-dependent RNA polymerase,Hepatitis C virus,SINGLE PROTEIN,CHEMBL1148625,1,Scientific Literature,J Med Chem,2006,None,
CHEMBL202062,,None,427.48,0,3.02,86,CC(C)CCn1c(=O)c(C2=NS(=O)(=O)c3ccccc3N2)c(O)c2cc(O)ccc21,IC50,'=',198,nM,6.7,,,UO_0000065,15.68,0.31,3.68,5.54,0,CHEMBL867029,Inhibitory activity against HCV delta 21 NS5B RNA polymerase by SPA assay,B,BAO_0000357,single protein format,Hepatitis C virus subtype 1b,None,None,None,None,,,,CHEMBL5375,Hepatitis C virus NS5B RNA-dependent RNA polymerase,Hepatitis C virus,SINGLE PROTEIN,CHEMBL1148625,1,Scientific Literature,J Med Chem,2006,None,
CHEMBL427375,,None,422.47,0,2.96,34,N#CCCCCn1c(=O)c(C2=NS(=O)(=O)c3ccccc3N2)c(O)c2ccccc21,IC50,'=',750,nM,6.12,,,UO_0000065,14.5,0.28,3.16,4.92,0,CHEMBL867029,Inhibitory activity against HCV delta 21 NS5B RNA polymerase by SPA assay,B,BAO_0000357,single protein format,Hepatitis C virus subtype 1b,None,None,None,None,,,,CHEMBL5375,Hepatitis C virus NS5B RNA-dependent RNA polymerase,Hepatitis C virus,SINGLE PROTEIN,CHEMBL1148625,1,Scientific Literature,J Med Chem,2006,None,
CHEMBL201815,,None,476.35,0,3.44,32,CC(Br)CCn1c(=O)c(C2=NS(=O)(=O)c3ccccc3N2)c(O)c2ccccc21,IC50,'=',290,nM,6.54,,,UO_0000065,13.72,0.31,3.1,6.49,0,CHEMBL867029,Inhibitory activity against HCV delta 21 NS5B RNA polymerase by SPA assay,B,BAO_0000357,single protein format,Hepatitis C virus subtype 1b,None,None,None,None,,,,CHEMBL5375,Hepatitis C virus NS5B RNA-dependent RNA polymerase,Hepatitis C virus,SINGLE PROTEIN,CHEMBL1148625,1,Scientific Literature,J Med Chem,2006,None,
CHEMBL202271,,None,393.42,0,2.29,22,C#CCCn1c(=O)c(C2=NS(=O)(=O)c3ccccc3N2)c(O)c2ccccc21,IC50,'=',118,nM,6.93,,,UO_0000065,17.61,0.34,4.64,6.88,0,CHEMBL867029,Inhibitory activity against HCV delta 21 NS5B RNA polymerase by SPA assay,B,BAO_0000357,single protein format,Hepatitis C virus subtype 1b,None,None,None,None,,,,CHEMBL5375,Hepatitis C virus NS5B RNA-dependent RNA polymerase,Hepatitis C virus,SINGLE PROTEIN,CHEMBL1148625,1,Scientific Literature,J Med Chem,2006,None,
CHEMBL201040,,None,399.43,0,1.65,43,O=c1c(C2=NS(=O)(=O)c3ccccc3N2)c(O)c2ccccc2n1CCCO,IC50,'=',2815,nM,5.55,,,UO_0000065,13.9,0.27,3.9,4.59,0,CHEMBL867029,Inhibitory activity against HCV delta 21 NS5B RNA polymerase by SPA assay,B,BAO_0000357,single protein format,Hepatitis C virus subtype 1b,None,None,None,None,,,,CHEMBL5375,Hepatitis C virus NS5B RNA-dependent RNA polymerase,Hepatitis C virus,SINGLE PROTEIN,CHEMBL1148625,1,Scientific Literature,J Med Chem,2006,None,
CHEMBL201350,,None,487.58,0,4.61,62,CC(C)(C)c1ccc(Cn2c(=O)c(C3=NS(=O)(=O)c4ccccc4N3)c(O)c3ccccc32)cc1,IC50,'>',10000,nM,,,,UO_0000065,,,,,0,CHEMBL867029,Inhibitory activity against HCV delta 21 NS5B RNA polymerase by SPA assay,B,BAO_0000357,single protein format,Hepatitis C virus subtype 1b,None,None,None,None,,,,CHEMBL5375,Hepatitis C virus NS5B RNA-dependent RNA polymerase,Hepatitis C virus,SINGLE PROTEIN,CHEMBL1148625,1,Scientific Literature,J Med Chem,2006,None,
CHEMBL201456,,None,415.5,0,2.63,39,CSCCn1c(=O)c(C2=NS(=O)(=O)c3ccccc3N2)c(O)c2ccccc21,IC50,'=',53,nM,7.28,,,UO_0000065,17.51,0.35,4.65,7.22,0,CHEMBL867029,Inhibitory activity against HCV delta 21 NS5B RNA polymerase by SPA assay,B,BAO_0000357,single protein format,Hepatitis C virus subtype 1b,None,None,None,None,,,,CHEMBL5375,Hepatitis C virus NS5B RNA-dependent RNA polymerase,Hepatitis C virus,SINGLE PROTEIN,CHEMBL1148625,1,Scientific Literature,J Med Chem,2006,None,
CHEMBL426302,,None,426.5,0,2.9,85,CC(C)CCn1c(=O)c(C2=NS(=O)(=O)c3ccccc3N2)c(O)c2cc(N)ccc21,IC50,'=',62,nM,7.21,,,UO_0000065,16.9,0.33,4.31,5.69,0,CHEMBL867029,Inhibitory activity against HCV delta 21 NS5B RNA polymerase by SPA assay,B,BAO_0000357,single protein format,Hepatitis C virus subtype 1b,None,None,None,None,,,,CHEMBL5375,Hepatitis C virus NS5B RNA-dependent RNA polymerase,Hepatitis C virus,SINGLE PROTEIN,CHEMBL1148625,1,Scientific Literature,J Med Chem,2006,None,
CHEMBL201256,,None,341.35,0,2.21,10,O=S1(=O)N=C(c2c(O)nc3ccccc3c2O)Nc2ccccc21,IC50,'>',10000,nM,,,,UO_0000065,,,,,0,CHEMBL867029,Inhibitory activity against HCV delta 21 NS5B RNA polymerase by SPA assay,B,BAO_0000357,single protein format,Hepatitis C virus subtype 1b,None,None,None,None,,,,CHEMBL5375,Hepatitis C virus NS5B RNA-dependent RNA polymerase,Hepatitis C virus,SINGLE PROTEIN,CHEMBL1148625,1,Scientific Literature,J Med Chem,2006,None,
CHEMBL201336,,None,444.44,0,1.5,52,CN(C)C(=O)Cn1c(=O)c(C2=NS(=O)(=O)c3ccccc3N2)c(O)c2cc(F)ccc21,IC50,'>',10000,nM,,,,UO_0000065,,,,,0,CHEMBL867029,Inhibitory activity against HCV delta 21 NS5B RNA polymerase by SPA assay,B,BAO_0000357,single protein format,Hepatitis C virus subtype 1b,None,None,None,None,,,,CHEMBL5375,Hepatitis C virus NS5B RNA-dependent RNA polymerase,Hepatitis C virus,SINGLE PROTEIN,CHEMBL1148625,1,Scientific Literature,J Med Chem,2006,None,
CHEMBL383418,,None,426.45,0,1.53,50,NC(=O)CCCn1c(=O)c(C2=NS(=O)(=O)c3ccccc3N2)c(O)c2ccccc21,IC50,'>',10000,nM,,,,UO_0000065,,,,,0,CHEMBL867029,Inhibitory activity against HCV delta 21 NS5B RNA polymerase by SPA assay,B,BAO_0000357,single protein format,Hepatitis C virus subtype 1b,None,None,None,None,,,,CHEMBL5375,Hepatitis C virus NS5B RNA-dependent RNA polymerase,Hepatitis C virus,SINGLE PROTEIN,CHEMBL1148625,1,Scientific Literature,J Med Chem,2006,None,
CHEMBL201603,,None,425.51,0,3.62,75,Cc1cccc2c1c(O)c(C1=NS(=O)(=O)c3ccccc3N1)c(=O)n2CCC(C)C,IC50,'=',206,nM,6.69,,,UO_0000065,15.71,0.3,3.07,6.64,0,CHEMBL867029,Inhibitory activity against HCV delta 21 NS5B RNA polymerase by SPA assay,B,BAO_0000357,single protein format,Hepatitis C virus subtype 1b,None,None,None,None,,,,CHEMBL5375,Hepatitis C virus NS5B RNA-dependent RNA polymerase,Hepatitis C virus,SINGLE PROTEIN,CHEMBL1148625,1,Scientific Literature,J Med Chem,2006,None,
CHEMBL201873,,None,452.52,0,3.08,71,Cc1nc(Cn2c(=O)c(C3=NS(=O)(=O)c4ccccc4N3)c(O)c3ccccc32)cs1,IC50,'=',304,nM,6.52,,,UO_0000065,14.4,0.29,3.44,5.73,0,CHEMBL867029,Inhibitory activity against HCV delta 21 NS5B RNA polymerase by SPA assay,B,BAO_0000357,single protein format,Hepatitis C virus subtype 1b,None,None,None,None,,,,CHEMBL5375,Hepatitis C virus NS5B RNA-dependent RNA polymerase,Hepatitis C virus,SINGLE PROTEIN,CHEMBL1148625,1,Scientific Literature,J Med Chem,2006,None,
CHEMBL372357,,None,427.46,0,3.02,130,O=c1c(C2=Nc3ccccc3S(=O)(=O)N2)c(O)c2cc(F)ccc2n1CCC1CC1,IC50,'=',10,nM,8,,,UO_0000065,18.72,0.36,4.98,7.94,0,CHEMBL867032,Inhibitory activity against HCV 1b NS5B RNA polymerase,B,BAO_0000357,single protein format,Hepatitis C virus subtype 1b,None,None,None,None,,,,CHEMBL5375,Hepatitis C virus NS5B RNA-dependent RNA polymerase,Hepatitis C virus,SINGLE PROTEIN,CHEMBL1148625,1,Scientific Literature,J Med Chem,2006,None,
CHEMBL201600,,None,427.48,0,3.02,77,CC(C)CCn1c(=O)c(C2=NS(=O)(=O)c3ccccc3N2)c(O)c2c(O)cccc21,IC50,'=',47,nM,7.33,,,UO_0000065,17.14,0.33,4.31,6.06,0,CHEMBL867029,Inhibitory activity against HCV delta 21 NS5B RNA polymerase by SPA assay,B,BAO_0000357,single protein format,Hepatitis C virus subtype 1b,None,None,None,None,,,,CHEMBL5375,Hepatitis C virus NS5B RNA-dependent RNA polymerase,Hepatitis C virus,SINGLE PROTEIN,CHEMBL1148625,1,Scientific Literature,J Med Chem,2006,None,
CHEMBL201635,,None,412.47,0,2.01,47,NCCCCn1c(=O)c(C2=NS(=O)(=O)c3ccccc3N2)c(O)c2ccccc21,IC50,'>',10000,nM,,,,UO_0000065,,,,,0,CHEMBL867029,Inhibitory activity against HCV delta 21 NS5B RNA polymerase by SPA assay,B,BAO_0000357,single protein format,Hepatitis C virus subtype 1b,None,None,None,None,,,,CHEMBL5375,Hepatitis C virus NS5B RNA-dependent RNA polymerase,Hepatitis C virus,SINGLE PROTEIN,CHEMBL1148625,1,Scientific Literature,J Med Chem,2006,None,
CHEMBL380341,,None,459.53,0,3.9,57,O=c1c(C2=NS(=O)(=O)c3ccccc3N2)c(O)c2ccccc2n1CCCc1ccccc1,IC50,'>',10000,nM,,,,UO_0000065,,,,,0,CHEMBL867029,Inhibitory activity against HCV delta 21 NS5B RNA polymerase by SPA assay,B,BAO_0000357,single protein format,Hepatitis C virus subtype 1b,None,None,None,None,,,,CHEMBL5375,Hepatitis C virus NS5B RNA-dependent RNA polymerase,Hepatitis C virus,SINGLE PROTEIN,CHEMBL1148625,1,Scientific Literature,J Med Chem,2006,None,
CHEMBL201332,,None,510.37,1,4.08,64,O=c1c(C2=NS(=O)(=O)c3ccccc3N2)c(O)c2ccccc2n1Cc1cccc(Br)c1,IC50,'=',36,nM,7.44,,,UO_0000065,14.58,0.32,3.36,7.39,0,CHEMBL867029,Inhibitory activity against HCV delta 21 NS5B RNA polymerase by SPA assay,B,BAO_0000357,single protein format,Hepatitis C virus subtype 1b,None,None,None,None,,,,CHEMBL5375,Hepatitis C virus NS5B RNA-dependent RNA polymerase,Hepatitis C virus,SINGLE PROTEIN,CHEMBL1148625,1,Scientific Literature,J Med Chem,2006,None,
CHEMBL381497,,None,476.47,0,3.22,61,O=c1c(C2=NS(=O)(=O)c3ccccc3N2)c(O)c2ccccc2n1Cc1ccc([N+](=O)[O-])cc1,IC50,'=',2442,nM,5.61,,,UO_0000065,11.78,0.23,2.39,3.9,0,CHEMBL867029,Inhibitory activity against HCV delta 21 NS5B RNA polymerase by SPA assay,B,BAO_0000357,single protein format,Hepatitis C virus subtype 1b,None,None,None,None,,,,CHEMBL5375,Hepatitis C virus NS5B RNA-dependent RNA polymerase,Hepatitis C virus,SINGLE PROTEIN,CHEMBL1148625,1,Scientific Literature,J Med Chem,2006,None,
CHEMBL201231,,None,476.47,0,3.22,59,O=c1c(C2=NS(=O)(=O)c3ccccc3N2)c(O)c2ccccc2n1Cc1ccccc1[N+](=O)[O-],IC50,'>',10000,nM,,,,UO_0000065,,,,,0,CHEMBL867029,Inhibitory activity against HCV delta 21 NS5B RNA polymerase by SPA assay,B,BAO_0000357,single protein format,Hepatitis C virus subtype 1b,None,None,None,None,,,,CHEMBL5375,Hepatitis C virus NS5B RNA-dependent RNA polymerase,Hepatitis C virus,SINGLE PROTEIN,CHEMBL1148625,1,Scientific Literature,J Med Chem,2006,None,
CHEMBL381010,,None,411.48,0,3.46,16,CCCCCn1c(=O)c(C2=NS(=O)(=O)c3ccccc3N2)c(O)c2ccccc21,IC50,'=',80,nM,7.1,,,UO_0000065,17.25,0.33,3.64,7.04,0,CHEMBL867029,Inhibitory activity against HCV delta 21 NS5B RNA polymerase by SPA assay,B,BAO_0000357,single protein format,Hepatitis C virus subtype 1b,None,None,None,None,,,,CHEMBL5375,Hepatitis C virus NS5B RNA-dependent RNA polymerase,Hepatitis C virus,SINGLE PROTEIN,CHEMBL1148625,1,Scientific Literature,J Med Chem,2006,None,
CHEMBL201088,,None,431.47,0,3.32,55,O=c1c(C2=NS(=O)(=O)c3ccccc3N2)c(O)c2ccccc2n1Cc1ccccc1,IC50,'=',82,nM,7.09,,,UO_0000065,16.42,0.31,3.77,7.03,0,CHEMBL867029,Inhibitory activity against HCV delta 21 NS5B RNA polymerase by SPA assay,B,BAO_0000357,single protein format,Hepatitis C virus subtype 1b,None,None,None,None,,,,CHEMBL5375,Hepatitis C virus NS5B RNA-dependent RNA polymerase,Hepatitis C virus,SINGLE PROTEIN,CHEMBL1148625,1,Scientific Literature,J Med Chem,2006,None,
CHEMBL202987,,None,391.4,0,3.96,128,O=c1c(-c2nc(O)c3ccccc3n2)c(O)c2cc(F)ccc2n1CCC1CC1,IC50,'>',10000,nM,,,,UO_0000065,,,,,0,CHEMBL867029,Inhibitory activity against HCV delta 21 NS5B RNA polymerase by SPA assay,B,BAO_0000357,single protein format,Hepatitis C virus subtype 1b,None,None,None,None,,,,CHEMBL5375,Hepatitis C virus NS5B RNA-dependent RNA polymerase,Hepatitis C virus,SINGLE PROTEIN,CHEMBL1148625,1,Scientific Literature,J Med Chem,2006,None,
CHEMBL201660,,None,510.37,1,4.08,63,O=c1c(C2=NS(=O)(=O)c3ccccc3N2)c(O)c2ccccc2n1Cc1ccc(Br)cc1,IC50,'=',95,nM,7.02,,,UO_0000065,13.76,0.3,2.94,6.97,0,CHEMBL867029,Inhibitory activity against HCV delta 21 NS5B RNA polymerase by SPA assay,B,BAO_0000357,single protein format,Hepatitis C virus subtype 1b,None,None,None,None,,,,CHEMBL5375,Hepatitis C virus NS5B RNA-dependent RNA polymerase,Hepatitis C virus,SINGLE PROTEIN,CHEMBL1148625,1,Scientific Literature,J Med Chem,2006,None,
CHEMBL379033,,None,441.51,0,3.32,87,COc1ccc2c(c1)c(O)c(C1=NS(=O)(=O)c3ccccc3N1)c(=O)n2CCC(C)C,IC50,'=',23,nM,7.64,,,UO_0000065,17.3,0.34,4.32,6.94,0,CHEMBL867029,Inhibitory activity against HCV delta 21 NS5B RNA polymerase by SPA assay,B,BAO_0000357,single protein format,Hepatitis C virus subtype 1b,None,None,None,None,,,,CHEMBL5375,Hepatitis C virus NS5B RNA-dependent RNA polymerase,Hepatitis C virus,SINGLE PROTEIN,CHEMBL1148625,1,Scientific Literature,J Med Chem,2006,None,
CHEMBL201119,,None,490.38,0,4.08,81,CC(C)CCn1c(=O)c(C2=NS(=O)(=O)c3ccccc3N2)c(O)c2cc(Br)ccc21,IC50,'=',205,nM,6.69,,,UO_0000065,13.64,0.3,2.61,6.64,0,CHEMBL867029,Inhibitory activity against HCV delta 21 NS5B RNA polymerase by SPA assay,B,BAO_0000357,single protein format,Hepatitis C virus subtype 1b,None,None,None,None,,,,CHEMBL5375,Hepatitis C virus NS5B RNA-dependent RNA polymerase,Hepatitis C virus,SINGLE PROTEIN,CHEMBL1148625,1,Scientific Literature,J Med Chem,2006,None,
CHEMBL202005,,None,530.61,1,4.57,102,CC(C)CCn1c(=O)c(C2=NS(=O)(=O)c3ccccc3N2)c(O)c2cc(NC(=O)c3ccccc3)ccc21,IC50,'=',4235,nM,5.37,,,UO_0000065,10.13,0.19,0.8,4.14,0,CHEMBL867029,Inhibitory activity against HCV delta 21 NS5B RNA polymerase by SPA assay,B,BAO_0000357,single protein format,Hepatitis C virus subtype 1b,None,None,None,None,,,,CHEMBL5375,Hepatitis C virus NS5B RNA-dependent RNA polymerase,Hepatitis C virus,SINGLE PROTEIN,CHEMBL1148625,1,Scientific Literature,J Med Chem,2006,None,
CHEMBL202405,,None,425.51,0,3.7,15,CC(C)(C)CCn1c(=O)c(C2=NS(=O)(=O)c3ccccc3N2)c(O)c2ccccc21,IC50,'=',21,nM,7.68,,,UO_0000065,18.04,0.35,3.98,7.62,0,CHEMBL867029,Inhibitory activity against HCV delta 21 NS5B RNA polymerase by SPA assay,B,BAO_0000357,single protein format,Hepatitis C virus subtype 1b,None,None,None,None,,,,CHEMBL5375,Hepatitis C virus NS5B RNA-dependent RNA polymerase,Hepatitis C virus,SINGLE PROTEIN,CHEMBL1148625,1,Scientific Literature,J Med Chem,2006,None,
CHEMBL201305,,None,369.4,0,2.29,12,CCn1c(=O)c(C2=NS(=O)(=O)c3ccccc3N2)c(O)c2ccccc21,IC50,'=',2220,nM,5.65,,,UO_0000065,15.3,0.3,3.36,5.61,0,CHEMBL867029,Inhibitory activity against HCV delta 21 NS5B RNA polymerase by SPA assay,B,BAO_0000357,single protein format,Hepatitis C virus subtype 1b,None,None,None,None,,,,CHEMBL5375,Hepatitis C virus NS5B RNA-dependent RNA polymerase,Hepatitis C virus,SINGLE PROTEIN,CHEMBL1148625,1,Scientific Literature,J Med Chem,2006,None,
CHEMBL380442,,None,423.49,0,3.46,28,O=c1c(C2=NS(=O)(=O)c3ccccc3N2)c(O)c2ccccc2n1CC1CCCC1,IC50,'=',132,nM,6.88,,,UO_0000065,16.24,0.31,3.42,6.83,0,CHEMBL867029,Inhibitory activity against HCV delta 21 NS5B RNA polymerase by SPA assay,B,BAO_0000357,single protein format,Hepatitis C virus subtype 1b,None,None,None,None,,,,CHEMBL5375,Hepatitis C virus NS5B RNA-dependent RNA polymerase,Hepatitis C virus,SINGLE PROTEIN,CHEMBL1148625,1,Scientific Literature,J Med Chem,2006,None,
CHEMBL202514,,None,432.46,0,2.71,66,O=c1c(C2=NS(=O)(=O)c3ccccc3N2)c(O)c2ccccc2n1Cc1cccnc1,IC50,'=',316,nM,6.5,,,UO_0000065,15.03,0.29,3.79,5.72,0,CHEMBL867029,Inhibitory activity against HCV delta 21 NS5B RNA polymerase by SPA assay,B,BAO_0000357,single protein format,Hepatitis C virus subtype 1b,None,None,None,None,,,,CHEMBL5375,Hepatitis C virus NS5B RNA-dependent RNA polymerase,Hepatitis C virus,SINGLE PROTEIN,CHEMBL1148625,1,Scientific Literature,J Med Chem,2006,None,
CHEMBL202326,,None,445.93,0,3.97,104,CC(C)CCn1c(=O)c(C2=NS(=O)(=O)c3ccccc3N2)c(O)c2ccc(Cl)cc21,IC50,'>',10000,nM,,,,UO_0000065,,,,,0,CHEMBL867029,Inhibitory activity against HCV delta 21 NS5B RNA polymerase by SPA assay,B,BAO_0000357,single protein format,Hepatitis C virus subtype 1b,None,None,None,None,,,,CHEMBL5375,Hepatitis C virus NS5B RNA-dependent RNA polymerase,Hepatitis C virus,SINGLE PROTEIN,CHEMBL1148625,1,Scientific Literature,J Med Chem,2006,None,
CHEMBL202581,,None,429.47,0,3.45,103,CC(C)CCn1c(=O)c(C2=NS(=O)(=O)c3ccccc3N2)c(O)c2ccc(F)cc21,IC50,'=',554,nM,6.26,,,UO_0000065,14.57,0.28,2.81,6.21,0,CHEMBL867029,Inhibitory activity against HCV delta 21 NS5B RNA polymerase by SPA assay,B,BAO_0000357,single protein format,Hepatitis C virus subtype 1b,None,None,None,None,,,,CHEMBL5375,Hepatitis C virus NS5B RNA-dependent RNA polymerase,Hepatitis C virus,SINGLE PROTEIN,CHEMBL1148625,1,Scientific Literature,J Med Chem,2006,None,
CHEMBL202310,,None,512.59,1,3.29,96,CCOC(=O)CNc1ccc2c(c1)c(O)c(C1=NS(=O)(=O)c3ccccc3N1)c(=O)n2CCC(C)C,IC50,'=',115,nM,6.94,,,UO_0000065,13.54,0.26,3.65,4.99,0,CHEMBL867029,Inhibitory activity against HCV delta 21 NS5B RNA polymerase by SPA assay,B,BAO_0000357,single protein format,Hepatitis C virus subtype 1b,None,None,None,None,,,,CHEMBL5375,Hepatitis C virus NS5B RNA-dependent RNA polymerase,Hepatitis C virus,SINGLE PROTEIN,CHEMBL1148625,1,Scientific Literature,J Med Chem,2006,None,
CHEMBL201558,,None,445.93,0,3.97,73,CC(C)CCn1c(=O)c(C2=NS(=O)(=O)c3ccccc3N2)c(O)c2c(Cl)cccc21,IC50,'=',33,nM,7.48,,,UO_0000065,16.78,0.34,3.51,7.43,0,CHEMBL867029,Inhibitory activity against HCV delta 21 NS5B RNA polymerase by SPA assay,B,BAO_0000357,single protein format,Hepatitis C virus subtype 1b,None,None,None,None,,,,CHEMBL5375,Hepatitis C virus NS5B RNA-dependent RNA polymerase,Hepatitis C virus,SINGLE PROTEIN,CHEMBL1148625,1,Scientific Literature,J Med Chem,2006,None,
CHEMBL203312,,None,407.45,0,2.68,23,C#CCCCn1c(=O)c(C2=NS(=O)(=O)c3ccccc3N2)c(O)c2ccccc21,IC50,'=',179,nM,6.75,,,UO_0000065,16.56,0.32,4.07,6.7,0,CHEMBL867029,Inhibitory activity against HCV delta 21 NS5B RNA polymerase by SPA assay,B,BAO_0000357,single protein format,Hepatitis C virus subtype 1b,None,None,None,None,,,,CHEMBL5375,Hepatitis C virus NS5B RNA-dependent RNA polymerase,Hepatitis C virus,SINGLE PROTEIN,CHEMBL1148625,1,Scientific Literature,J Med Chem,2006,None,
CHEMBL201567,,None,408.44,0,2.57,33,N#CCCCn1c(=O)c(C2=NS(=O)(=O)c3ccccc3N2)c(O)c2ccccc21,IC50,'=',172,nM,6.76,,,UO_0000065,16.56,0.32,4.19,5.43,0,CHEMBL867029,Inhibitory activity against HCV delta 21 NS5B RNA polymerase by SPA assay,B,BAO_0000357,single protein format,Hepatitis C virus subtype 1b,None,None,None,None,,,,CHEMBL5375,Hepatitis C virus NS5B RNA-dependent RNA polymerase,Hepatitis C virus,SINGLE PROTEIN,CHEMBL1148625,1,Scientific Literature,J Med Chem,2006,None,
CHEMBL372357,,None,427.46,0,3.02,130,O=c1c(C2=Nc3ccccc3S(=O)(=O)N2)c(O)c2cc(F)ccc2n1CCC1CC1,IC50,'=',13,nM,7.89,,,UO_0000065,18.45,0.36,4.87,7.83,0,CHEMBL867033,Inhibitory activity against HCV 2a NS5B RNA polymerase,B,BAO_0000357,single protein format,Hepatitis C virus genotype 2,None,None,None,None,,,,CHEMBL5375,Hepatitis C virus NS5B RNA-dependent RNA polymerase,Hepatitis C virus,SINGLE PROTEIN,CHEMBL1148625,1,Scientific Literature,J Med Chem,2006,None,
